col1,col2,col3,col4,col5,class
-7.1207793608276235,-0.743991261940011,-1.4368591708660514,3.4094859779596742,0.2639339968411815,0
0.950663659909051,-4.606838849674026,-0.7599498007163613,3.226978985553269,-1.0765454838979516,0
4.0,3.0,2.0,5.0,6.0,1
0.44599726564651787,0.3951883291763702,-0.6766674202849352,-2.9939640045393614,0.6295526523808308,0
-2.335978929611625,1.2264601890443203,-0.2959031049436727,0.6873853073858728,0.8720432711492199,0
5.0,7.0,4.0,4.0,5.0,1
5.0,5.0,4.0,5.0,6.0,1
7.0,4.0,5.0,5.0,4.0,1
5.949083490695549,1.457090948727073,3.132464307464769,0.5763658985637092,-2.5019191037167112,0
-1.174522266293973,2.8927585388363593,1.6468461766829157,1.1210881208908658,1.940989933679583,0
0.9773971410463971,1.12361152084983,1.1205108718442744,1.5428761105366624,0.3603139581488727,0
-0.12666225693865268,-0.8320558019016724,1.9984605887292932,-1.131604956695258,1.2206529890375202,0
4.0,4.0,4.0,5.0,4.0,1
2.2508172920663974,6.917221219189574,-0.10430340520996152,0.7721921822648538,-0.49723596364049244,0
-2.939403309607417,-0.0817546686520383,0.15321831180942933,-2.1015117863757484,1.048134561260378,0
-0.14391181571731562,-0.1269363822927201,3.28196510443442,-0.7385242652023583,-1.5999530959972394,0
3.0,5.0,3.0,6.0,5.0,1
0.5557753696542832,0.0436850006381893,-2.2850608794922724,0.4222037514574896,-1.9738552345459206,0
3.656358386695906,-0.7897264286961058,3.647130090069749,0.8160284333723877,0.43277383679629056,0
-4.505914256353555,1.2331507923266802,0.4614788980595053,0.5981852885722753,-1.3250712212693005,0
0.173967834606954,1.0933698418520523,-1.18297637864529,-0.6763854186250098,2.4744409845256827,0
8.0,5.0,7.0,8.0,6.0,1
1.9779003340293033,-0.6392810051081965,2.6022175579366564,2.215125986288992,-1.9959920374610585,0
-0.4085178458083773,-3.411961291489673,-1.443433127686029,-3.4040953578669932,-0.9669528387681129,0
1.8259006279679713,-0.17917753487753452,-0.48478138132087695,-1.202363586216831,-1.3433409710501496,0
1.2998895382008504,-0.885016182151056,-0.7554780420190312,-0.9831093748702479,-1.8427759214381116,0
-0.5228110384429263,1.6137327012621498,-1.874352413144,3.3472414653614884,-1.7810297968495252,0
3.0,5.0,2.0,5.0,6.0,1
5.0,4.0,4.0,5.0,3.0,1
4.0,3.0,4.0,6.0,5.0,1
5.0,4.0,6.0,4.0,7.0,1
-0.4336357522257132,-0.9871594568321905,1.7506978656362417,0.300613455194008,-2.996884125093119,0
3.982265416468447,0.9481496703740285,-0.3732204622206777,-1.003317370063388,-2.5605617347391982,0
5.0,5.0,3.0,2.0,5.0,1
4.0,7.0,6.0,6.0,7.0,1
4.0,5.0,6.0,4.0,7.0,1
-2.9576765745789135,0.22513889150526226,-1.5282718263994588,-1.49962581475382,-0.7528218450278411,0
4.104504451469582,-1.392819835562669,1.7516387700167697,-0.38993730653395836,-0.07167802716324091,0
7.0,4.0,5.0,1.0,6.0,1
-0.7055084902389713,-1.082471175762551,-0.1870610922142038,-1.0587482809559847,-3.007170956434648,0
-2.0754414080350942,1.2561758491478803,-0.9836646505115648,1.242923935541284,-1.2270999983320434,0
3.0,5.0,5.0,5.0,5.0,1
-4.327891609134602,0.8585433217107249,0.5653795655463513,1.0532887331441378,-0.2319357533013071,0
3.0,7.0,4.0,3.0,5.0,1
5.0,3.0,8.0,3.0,3.0,1
0.6498155858534561,-5.5350948191699025,-1.310191593630382,2.221627644867872,0.1046603166930472,0
5.0,5.0,4.0,6.0,6.0,1
0.8982337498513011,0.07890256544308503,0.4092288879433666,-0.5849725141155753,-0.6817277326520256,0
0.9497253936675826,-1.5338473438613283,-1.8056292137758092,-0.5484210690790587,-2.920930223804503,0
0.7964266189435284,1.4810584206931332,1.765536632822158,0.16636867161325058,-1.485246270714092,0
1.8305341018718817,-0.9593761386259791,-3.5838981718875482,-1.3814315035238167,0.0922757086195886,0
2.5502215452526014,1.7074912395958797,-0.03705643594059908,-1.6909701828728863,0.7281343087492074,0
3.0,6.0,8.0,5.0,6.0,1
3.0,4.0,6.0,4.0,4.0,1
-1.0002646738711463,0.8644507385138507,0.4324318520514385,1.1195386941713825,-2.2646580870572413,0
4.0,8.0,6.0,7.0,5.0,1
4.0,6.0,4.0,6.0,7.0,1
0.531345144472116,-5.0713855326103054,-6.588476047010289,-4.49584889330928,-2.70714715710692,0
5.0,6.0,5.0,2.0,4.0,1
1.454583520354948,-3.85278142748442,0.8793965936590797,-1.8361633977314729,0.16575065761379487,0
5.0,3.0,5.0,5.0,5.0,1
4.0,6.0,5.0,5.0,8.0,1
-1.0386834721724008,3.9188290804655006,1.091978853707306,-0.3832905855062822,-3.229476663395017,0
-2.410614724737411,0.8926177235305796,0.40907609323515765,0.02027967494485762,-0.6041987958317439,0
6.0,5.0,4.0,6.0,7.0,1
5.0,4.0,1.0,5.0,7.0,1
2.228704820358965,-2.08496598726711,0.6378202072366972,-2.802353550400565,-1.1145528147952009,0
3.0,5.0,6.0,6.0,5.0,1
7.0,6.0,3.0,4.0,2.0,1
1.5515930554862727,-1.999054416206195,0.9808013467565386,-1.0603905605178034,1.0419411737142081,0
-2.8355729173906,-0.6560670753192624,-1.7006820961329479,-1.2186451262429783,-0.7674451269102464,0
5.0,4.0,5.0,3.0,5.0,1
-0.11270833224899177,-1.500349856904657,-0.736591557366488,0.34223051101174295,-0.736215525742899,0
6.0,5.0,4.0,4.0,4.0,1
-3.052057675876706,3.3013293994207937,-0.34121356363724925,0.265123472460629,-2.9985575140950456,0
7.0,7.0,5.0,2.0,1.0,1
7.0,4.0,7.0,7.0,5.0,1
3.0,8.0,8.0,5.0,7.0,1
1.168617466739549,0.5802535006257634,-0.012225990942147491,-1.0512094298530454,-0.6502037801935401,0
0.15182326984024766,-2.905262510857774,-1.503450966659356,0.18101837251710756,1.7957589151515063,0
5.0,5.0,7.0,3.0,4.0,1
6.0,2.0,4.0,5.0,4.0,1
1.0,5.0,6.0,5.0,4.0,1
1.7413840706295,1.0939468826535879,0.7100342821873525,-1.361626058204805,-1.3117486868089347,0
4.0,7.0,6.0,4.0,5.0,1
1.1652592229540195,1.1261643808186717,-1.525942721711438,-0.2664201269823671,-4.360599540249227,0
0.30796836510001085,-0.663071300119945,-1.3977607137033174,-1.452525241135921,0.4569558205713265,0
3.0,5.0,7.0,3.0,9.0,1
4.0,7.0,4.0,6.0,7.0,1
4.0,7.0,3.0,5.0,1.0,1
-0.9459848699044761,-0.12237540008183179,-2.3937942527097946,1.9381584652983228,-0.11581455275607008,0
-2.088729045267489,-3.123590734965735,-1.2350018521758919,-1.03919932946802,-0.48242390134496443,0
3.0,2.0,1.0,4.0,6.0,1
0.9430791396171279,-1.5566789691946858,-2.2608298207567823,3.8355966589004495,-0.9875907821290536,0
0.0470721628394623,1.2407658926453384,1.5855434978238576,1.5039234535735884,-2.8101674045821223,0
1.2736110064249546,-0.5965472274634165,-1.1121893006299564,-2.5385656373722747,2.3544862952240933,0
5.0,3.0,5.0,5.0,6.0,1
0.8518682658884661,-0.5831265284952216,1.0999889302472656,-1.7007200511010454,2.587810094679407,0
-3.318484979781366,-0.027358177928932786,-1.0437334830398284,0.5235026425442995,1.477281225723775,0
-2.440976881618082,-0.4220562151547727,-0.8340163713635378,1.5933306696323806,1.7058848932037225,0
4.0,2.0,3.0,3.0,6.0,1
0.2132885469744154,-0.16256308599967878,-0.265745453640173,-2.192698393579316,0.02931705472865956,0
-1.3507219535816009,-2.1027916454855964,-5.248399737289911,-0.5359949159402814,-2.4255383902800154,0
1.5760864828818353,2.6239184988923134,0.7740550579112253,1.981273909312721,-3.908883749489227,0
6.0,8.0,6.0,7.0,2.0,1
1.8991581608185302,-0.49175053280542447,0.9142600067385623,0.06633734253299635,-2.1260772342176804,0
4.0,7.0,7.0,4.0,2.0,1
0.48198972909532967,0.21295215065307532,1.0951768426252575,0.5430822146095792,-2.769617687157254,0
-0.11554098249886896,0.7933149687722253,0.9726252688283921,-2.908533150916262,-2.34902616876771,0
3.3877613279612135,-1.0228229228978039,0.7918041341346284,-2.0297122739387765,-2.6195154512096934,0
5.0,6.0,6.0,3.0,7.0,1
8.0,5.0,7.0,8.0,4.0,1
-4.125908063299477,-0.5065283763672684,-0.38492868916671585,-7.006891071636804,0.37460899707231377,0
-0.06302531788691398,0.3071888882807556,-2.4145567384549445,-2.051656803509455,-0.1042064911193195,0
4.0,6.0,6.0,3.0,7.0,1
0.8855955835572576,-2.17757758639088,-1.0356247009482833,0.4603617526431463,-0.863421026503155,0
6.0,7.0,6.0,3.0,4.0,1
0.06767252319331829,-0.1551537106143283,0.48845090707809846,0.586325578741166,0.5391270069138416,0
1.52935777025137,2.120478067838467,2.075242555343128,-0.8322895439804725,1.2575869447099566,0
-1.078395421578374,2.7075109949280494,-1.347937223361989,2.9589845669571857,1.0323290241279146,0
0.38192776050543714,-6.210017813839419,0.9572371497011496,4.37675063258756,-1.2421389798521023,0
-1.6009879110731362,-1.5340241354958188,1.0790076297100932,2.711291358462739,2.6172487378874214,0
7.0,5.0,4.0,4.0,4.0,1
7.0,2.0,6.0,3.0,4.0,1
1.02110888070943,0.1098381807398362,2.8734709502640623,1.1112589650821332,-2.162554173303043,0
-1.6658969588298813,-1.5456519306880614,2.608563999652357,-0.8323457245409219,0.5541538068873781,0
0.35548291908365715,0.6635054576415722,-0.1937943124865903,2.430004803554645,0.588526375313509,0
0.48642008312158286,0.15503808741529143,0.7327324208472981,-0.4044330417844276,-1.534002380235449,0
1.0,3.0,6.0,4.0,6.0,1
-0.5051490052806304,0.33863947302784203,0.026170604032566602,-2.31912555931439,-8.750126105309555,0
1.0,3.0,4.0,4.0,2.0,1
0.3714579757324313,1.4087960095864998,0.7136505931460361,-0.5890593839595817,-0.03633158108659017,0
5.0,3.0,7.0,5.0,5.0,1
6.0,4.0,7.0,7.0,4.0,1
0.24204741559997894,-2.7960583668276127,0.4589989294031561,-0.4483355895876614,-3.4116468832659432,0
-2.446483579911134,0.5366031603576179,-4.670082578136238,0.2140152810705648,0.5446326661805467,0
3.0,4.0,7.0,6.0,4.0,1
1.1117550459730932,1.0287711245807785,0.4457681623212458,2.9803221706199046,-8.4746167961137,0
3.0,5.0,7.0,4.0,4.0,1
1.7738676898670744,1.595246966587101,1.818969550504064,0.20163301375469717,-1.3708211911888912,0
7.0,6.0,2.0,5.0,7.0,1
0.3544973121479381,-1.5260511558594667,2.957616570674067,0.4395028124839733,-0.14292526956833876,0
2.0,3.0,7.0,4.0,6.0,1
-3.1564453119077753,-0.39299375811520404,0.25026572693719085,0.39929936831425206,-0.8900561545942005,0
-0.8405279889557177,-0.42643473986470404,3.0565004602328973,3.3599127493840175,0.6010546795876408,0
7.0,4.0,7.0,5.0,5.0,1
4.0,6.0,6.0,7.0,7.0,1
3.623200151954906,-0.6907629459010854,-3.732830121596098,0.7365945516157357,-1.2722950722571744,0
7.0,4.0,4.0,5.0,6.0,1
-0.4005857840240851,-2.171461908652151,-0.13125340332889285,-2.5572444771123415,-1.0421958058727334,0
1.0838938553312205,-0.7979969734219158,-0.020170333562929754,0.7484661701238272,-0.31189191822065904,0
9.0,5.0,7.0,4.0,6.0,1
6.0,5.0,6.0,7.0,5.0,1
3.0,3.0,5.0,6.0,3.0,1
0.8763412163618507,0.4459420700851915,1.4476637454950831,1.0089665187174002,-0.08083829896542788,0
6.0,8.0,4.0,4.0,3.0,1
5.0,3.0,8.0,8.0,4.0,1
1.4720406688962822,0.9320038896959557,-0.3952289918752266,0.4452226912205829,0.04123262331210432,0
4.0,4.0,8.0,5.0,6.0,1
1.0021487449725603,0.22881916306752947,0.05501099965562316,1.523707136697274,0.18429521159244944,0
5.0,7.0,4.0,8.0,6.0,1
0.9584937354841094,0.040869341362228626,3.058624879796785,-0.1943434124232214,1.0966365583797917,0
6.0,6.0,6.0,6.0,3.0,1
5.0,3.0,5.0,6.0,2.0,1
-1.1821795390830252,-2.263427741691187,-0.7151428737948726,-0.4099630474610375,-1.1698858768858624,0
1.3702669393182627,0.4710862838513765,-0.8580660757690556,1.5328950412809053,-2.8112839466512387,0
8.0,7.0,5.0,4.0,6.0,1
1.7804157883151657,0.4485592630597794,-1.7466188947314816,-0.08217850676075235,-0.04246178054023203,0
8.0,9.0,5.0,3.0,4.0,1
5.0,5.0,6.0,6.0,6.0,1
0.6926982736792047,0.5778227972401679,-0.19676904530178768,0.5960425909354291,2.0222912242110684,0
-1.9495541877139129,-0.02197329540654739,-0.15283979014786678,0.9232509856671113,0.8605261972463336,0
4.0,5.0,4.0,5.0,4.0,1
1.0,3.0,7.0,5.0,4.0,1
5.0,6.0,5.0,5.0,4.0,1
-0.6430024512302679,-0.691545196695556,-0.7915618647038472,0.09693503449598483,-0.8412499749384575,0
4.0,3.0,3.0,2.0,4.0,1
-1.376483576629567,-1.2269800904897252,-0.7962539062887865,0.6336220050137398,1.233970140044313,0
-0.14535522179483798,0.45498216116098195,2.179445105356213,-0.37515671792864536,-0.09436341979818347,0
-1.3802499481904067,-1.0466338635828443,1.0044244498475385,-1.2969419655981145,1.6106804476545704,0
5.0,5.0,4.0,4.0,4.0,1
4.0,6.0,5.0,5.0,4.0,1
2.4493554907726742,0.6307859038561839,-0.2191379193475253,0.14949133944645984,-2.8921767958626763,0
6.0,2.0,5.0,5.0,3.0,1
-0.02368484058181543,-0.2697488270078778,1.2410469364159158,-0.9208301921703909,-0.39580114635637154,0
-0.056506405998724245,-1.7123703925280591,-1.213520653867733,2.3079397500045626,0.22267426006092605,0
-1.8757373810980693,1.132290667050338,-0.2537232542698186,0.9674847753481031,0.17865914152175666,0
-1.240994090484579,-0.3533872246274616,2.1961593510655457,1.0449330392679226,-5.425935003155169,0
5.0,5.0,3.0,5.0,6.0,1
5.0,6.0,4.0,4.0,6.0,1
0.47707436416876037,0.8319323937588353,1.5779900364065345,2.351083429328177,0.47759336329450475,0
0.8468095679746412,-0.7993345216571497,1.3708385608298637,1.754758126038543,-0.5790421927827415,0
8.0,5.0,5.0,5.0,6.0,1
5.0,7.0,5.0,6.0,9.0,1
4.0,6.0,5.0,5.0,5.0,1
2.300510646634994,0.469132610776406,0.17973426957962627,2.1130644401264917,0.4173710057650432,0
1.0984333055435158,-0.40933508324561685,0.25232229259782324,1.8932109744825574,1.0858628473861107,0
6.0,6.0,4.0,4.0,6.0,1
0.4804896785626355,-1.5008071543997252,0.6417933586791346,-0.14976987757762722,-1.8250406796266099,0
7.0,3.0,4.0,6.0,4.0,1
0.36225469629231505,-2.4677169681224647,0.3377046061985249,0.8467185044149417,1.8005785868265327,0
1.3003754061951749,-4.628844870197983,2.7153995861433002,-1.552999581061032,-0.4977294481941338,0
5.0,2.0,4.0,3.0,5.0,1
-0.05130906470535554,-0.8931746060984901,1.3473628390615062,-0.03228212376584317,-2.0089341247276606,0
6.0,4.0,7.0,7.0,6.0,1
5.0,6.0,2.0,6.0,4.0,1
4.0,2.0,7.0,3.0,3.0,1
3.0,4.0,3.0,7.0,7.0,1
0.46052910751710613,0.6146313655722461,1.7450970066765747,0.31401576020359523,-0.8438518700429735,0
-2.2546304251675733,-1.003542995765341,-2.896467332550797,-0.987949124567217,1.0774378555000381,0
8.0,6.0,3.0,7.0,4.0,1
5.0,5.0,6.0,4.0,4.0,1
3.0,6.0,5.0,5.0,5.0,1
0.27287527026379954,-2.4185396156926755,-3.042870300043606,-1.3088604189930568,0.8314136945993267,0
7.0,6.0,4.0,4.0,7.0,1
7.0,5.0,1.0,7.0,8.0,1
4.0,4.0,6.0,4.0,6.0,1
-0.22321091306679736,3.196889499674274,2.82762191583793,-0.8321836619950613,-4.7224080946061555,0
4.0,6.0,6.0,4.0,7.0,1
4.0,7.0,5.0,5.0,5.0,1
6.0,5.0,2.0,0.0,5.0,1
-0.1491389957686043,0.7165971794318963,-2.3780896502233637,3.18083263263498,1.1609540237059388,0
3.0,5.0,2.0,7.0,6.0,1
-0.49559248673039324,1.1323585421414748,1.414759064180005,-0.34709714033803946,-0.10918066140145889,0
-1.3564224227116701,1.4424424399577462,-0.2518430483978913,4.115985041485979,0.9704915119980096,0
0.9265850939969865,1.4473410239836075,-2.5269651972391287,0.6210880539051906,-0.07282708472825569,0
-3.00297033827243,1.4800564517217942,1.4864769180277255,2.6023012441314783,-0.22535741449364619,0
2.337721212341462,-1.3163611437245744,-2.1682707734900477,-1.1100782401141784,-1.5799458017918853,0
0.3009868122798989,1.8302175750655787,-2.127249598714102,0.14257988015945755,0.45500259066930177,0
7.0,4.0,5.0,5.0,4.0,1
5.0,3.0,3.0,5.0,4.0,1
5.0,5.0,3.0,3.0,5.0,1
7.0,4.0,4.0,8.0,6.0,1
-0.6931434879734674,1.3099312277421922,0.5285437604710633,1.5974101490210837,-3.5444508027757027,0
7.0,5.0,6.0,6.0,5.0,1
8.0,6.0,5.0,4.0,4.0,1
5.0,6.0,4.0,6.0,6.0,1
-0.5079946378798933,0.32186127289655186,-2.0912636178820683,-3.733918519396183,1.9940189430939979,0
-0.37167562766512274,-4.336127467375664,-0.6067344458499211,-2.299341882574319,-3.62783560268684,0
7.0,6.0,4.0,5.0,3.0,1
-1.3549265616912742,-0.005964333001305669,-0.9291468868642424,1.6294866933759684,0.9245315542099436,0
1.2070044122266506,-0.738829111768217,-3.5317121958151043,1.9100432300634278,-0.05161268598107819,0
4.0,1.0,5.0,2.0,4.0,1
4.0,4.0,4.0,5.0,3.0,1
0.660358357608878,-0.013827566594808223,0.2505840814099995,1.716212433824737,-0.4135067032742856,0
1.3291305301019796,-1.2038658574128818,-1.6122919348185867,0.6242077180015239,2.787407079812866,0
3.0,1.0,4.0,4.0,6.0,1
3.0390628419154924,2.4272402148662096,-0.07877279511520587,0.18719319316873442,-8.610185083244454,0
-0.7580081056289335,-0.4172846435860058,1.1939337303541637,-0.31812329399453565,3.2991996284058924,0
1.493110556571729,-0.007869225663515448,-0.40945743682209984,0.2981702608493868,-2.1712924959993765,0
7.0,6.0,6.0,4.0,6.0,1
5.0,3.0,7.0,5.0,7.0,1
-1.152912897686223,-1.7585373492076557,-1.558146950497281,3.056748082016923,-0.6152542988924053,0
0.9960160596259914,0.784413264152033,1.2889300340247491,-0.7418687346826619,2.210083259579102,0
4.0,5.0,3.0,5.0,6.0,1
0.46349038372493157,-1.0027619123220644,0.5393662061951223,-0.5451237018356365,-0.0755064088205591,0
3.120609098023368,2.5673990225415824,-2.9857611754384874,-0.4848252808581868,1.1948070027571553,0
-1.1233729163736208,-2.3184032357897535,-0.6217234327867908,1.2760848357868024,-1.1921428889644052,0
6.0,5.0,4.0,7.0,7.0,1
2.19781639998438,-0.5609814972747447,0.20169677356211524,2.8286325124201612,-1.559549615440269,0
5.0,6.0,6.0,8.0,5.0,1
6.0,6.0,4.0,1.0,5.0,1
-0.30964298245112776,0.0077777545629914855,-0.41984734712511945,1.0615569812353611,-2.1219226136188643,0
8.0,4.0,9.0,7.0,5.0,1
6.0,2.0,4.0,5.0,7.0,1
4.0,6.0,7.0,7.0,5.0,1
2.0,3.0,2.0,3.0,4.0,1
0.22822780637722626,-1.3962140323676044,0.406548146123425,1.3301839811932512,-3.2783960902617273,0
0.6624582983055274,-1.0302939549984729,3.9506020878569963,-3.552731249317449,-5.095533936415106,0
1.3448090085775648,3.827787125592122,-1.8559117799019629,-0.8196684152500731,1.660301933941679,0
1.9206232097711218,1.3659000898408906,0.9686557940402932,-1.1232365978739454,-1.217184523671383,0
-0.24523304456038478,-0.3119965069882947,2.683117597950532,0.9542765552842216,1.357562010561524,0
7.0,4.0,6.0,5.0,5.0,1
2.0,2.0,3.0,4.0,7.0,1
1.0,4.0,5.0,7.0,5.0,1
3.111611426984167,0.1899063704826185,-2.197866938051587,-2.5430057495768055,-0.911319615460642,0
1.238078065245502,1.210305631819544,0.8450015022992714,-2.577177501960255,0.34927561137254165,0
4.0,4.0,8.0,3.0,4.0,1
-1.4018332832561393,-1.3604864904236336,0.6602884525144552,-1.9619905408581317,2.978225754309147,0
0.942623888475261,-0.43958912083981977,0.4614001060715731,-0.44775237035611554,1.1580122201753407,0
0.8585776008903405,-1.3443117933086997,-1.7857242250640137,0.6516546143721438,1.5301049475410897,0
-2.5678898267184174,1.7195641557699515,-2.143692845791902,-0.4559020665383265,1.1008623994939797,0
6.0,8.0,6.0,5.0,5.0,1
5.0,5.0,5.0,7.0,5.0,1
-0.07650626803188501,-1.716022055506569,0.5107277526092782,-1.5282668780275266,0.3349879210629959,0
5.0,5.0,4.0,6.0,5.0,1
-1.5256603938692654,-0.30961080660289586,0.5620610562650815,0.5103250177287634,2.284573149603386,0
0.3759879639803223,0.30663594249352955,2.923541320058558,3.2392695229400545,1.7280967440063595,0
6.0,5.0,6.0,2.0,2.0,1
6.0,5.0,6.0,5.0,5.0,1
0.04982184893140748,-0.8297094423093374,0.647569221460933,-4.62219241797041,0.6034921379661473,0
5.0,2.0,5.0,6.0,5.0,1
-2.0530978739907075,-2.158212395331593,-1.0814722654979267,-1.7218527712722234,0.2742870630567017,0
0.85196623409402,2.1511987310953873,-3.60819969109885,0.8698965172186246,3.779123557615696,0
0.08301545291533759,-0.590880520754955,-0.7035153445953201,3.5126645423217293,-1.256906264071377,0
6.0,2.0,7.0,6.0,8.0,1
5.0,3.0,6.0,3.0,7.0,1
0.6997854000465252,0.7508037763881261,3.084897929939275,1.6086848071715725,-0.4115385266359151,0
-1.4324580393467174,-2.197012623275998,-0.3125077608229694,-0.4410770959685576,-1.2925609500098119,0
4.0,5.0,5.0,6.0,5.0,1
-0.4466969113156352,0.011589463547505893,-1.2756590841609667,-0.1974971358467906,-2.196350986579721,0
4.0,6.0,5.0,3.0,5.0,1
5.0,7.0,4.0,4.0,8.0,1
7.0,7.0,4.0,6.0,3.0,1
4.0,6.0,9.0,5.0,5.0,1
2.0,5.0,5.0,7.0,5.0,1
7.0,8.0,7.0,4.0,7.0,1
7.0,6.0,2.0,3.0,6.0,1
0.12679012772317017,-1.2743077674256038,-0.329051007410613,-2.051015641350503,-0.41809483732634123,0
4.0,6.0,6.0,4.0,5.0,1
4.0,5.0,6.0,5.0,3.0,1
0.9957001808304746,-0.2806227559832537,-0.1724306878962236,-0.5017503547414454,0.48918986432657413,0
2.5687293744180257,1.0836797918546772,-1.7253190070338535,0.8356847995045119,-2.7203560616095257,0
6.0,6.0,4.0,7.0,3.0,1
-2.3523048118637715,2.742284754803719,1.9758877079560375,-0.6193630408062951,-2.1171162158837618,0
5.0,5.0,3.0,4.0,8.0,1
6.0,2.0,2.0,5.0,8.0,1
-1.0080596000059348,-0.21519109805395406,-0.4864502395778514,1.1101726214996406,0.5590204730128507,0
3.0,5.0,8.0,7.0,5.0,1
5.0,4.0,2.0,5.0,4.0,1
4.0,6.0,4.0,4.0,3.0,1
-3.2232768190220273,-1.1121215024534044,1.705730629738203,2.9627812910828557,-1.422063514092854,0
1.2766083228623735,3.5236134429464387,2.9832388633942006,0.43889662032134846,-2.998145430507423,0
3.0,6.0,4.0,6.0,3.0,1
4.0,8.0,4.0,3.0,8.0,1
1.1151063325217936,-2.1999672494611957,-2.328550274664656,-2.962220371734184,1.3409845293377793,0
6.0,5.0,3.0,4.0,6.0,1
1.5116878142745047,1.4062620201752671,2.4290319168493593,1.0457020984826568,-3.882661074374415,0
4.0,7.0,7.0,6.0,5.0,1
7.13909401876752,1.6166250374925846,0.05850851106040683,0.5423675389075956,2.5836433561106333,0
3.0,5.0,6.0,2.0,5.0,1
4.0,5.0,6.0,4.0,7.0,1
3.0,4.0,4.0,7.0,5.0,1
4.0,6.0,6.0,4.0,6.0,1
1.2445971427995859,1.3295882873731981,-3.401672610848354,-1.5484874257689856,0.6278636261573006,0
2.0865134003606958,0.40846950867311355,-3.2968902054906306,1.2292165444039946,-0.9863600123484835,0
1.5689528680330438,0.2312349441142904,-1.0873499203929955,0.6250532017572372,1.5404425253177232,0
7.0,6.0,3.0,6.0,7.0,1
-1.068359367954487,-2.3883970006733497,-1.1006590362223596,0.5641346086580036,-1.3707682342379475,0
2.3277072191420545,1.6482207303005545,0.0008909801032812307,0.6744603016374492,-0.5639742648098818,0
8.0,6.0,6.0,5.0,5.0,1
-0.5167198479354458,1.7413463382914556,-1.4564601462877311,-0.969897838250305,0.8747525626066215,0
0.7882380419256383,-0.6397602003350238,0.8020807883283813,0.40365475168011444,1.3332491184507989,0
2.0,5.0,7.0,8.0,6.0,1
-0.47273323295967984,2.1391378694350482,2.4868468644650172,2.486423231176338,-2.456966995779274,0
5.0,6.0,5.0,7.0,6.0,1
2.164354037660132,-2.7032083577258352,-1.8377482819241782,1.2014244112608528,0.614494503335881,0
6.0,6.0,5.0,2.0,6.0,1
0.31209910482595754,-2.431725614544401,-2.242767908285788,-1.454718258522388,1.0917361907053071,0
4.0,4.0,5.0,6.0,5.0,1
6.0,4.0,9.0,7.0,7.0,1
-1.6353142039238227,-3.1583213009301496,2.496895864406314,-0.04341017538696976,-2.6450506381014898,0
-1.5044825219072087,-1.3586176184889285,-0.8988024526972657,0.06755591767716174,-1.98061123807401,0
0.06992176162337595,-0.18310212513791427,0.8634320198880799,-4.335695144181134,1.0280677347379632,0
4.0,8.0,6.0,7.0,5.0,1
-1.2831209632345968,0.7562429028335252,0.6922631366948232,1.5020172588244336,-1.5442480392801585,0
3.4397307772960586,1.720135276586255,-1.7327238395711022,0.5978473802605219,0.24169941866367178,0
5.0,5.0,5.0,4.0,6.0,1
-1.4146152609906422,-3.5028068932000953,3.1176114976653406,2.5609279831990266,-2.4816582333833517,0
5.0,6.0,4.0,5.0,4.0,1
4.0,4.0,4.0,5.0,4.0,1
4.0,3.0,7.0,2.0,4.0,1
-0.9832094233289903,-0.985375871205811,2.197532912709687,0.7147383238208013,1.7051545466335662,0
-0.12093582927253005,-2.4767913793018335,0.6145040711178903,0.7701713893169558,-1.3355664307672332,0
4.0,6.0,5.0,5.0,3.0,1
4.0,5.0,3.0,4.0,4.0,1
8.0,5.0,4.0,6.0,3.0,1
0.03628763971039112,2.3853162736458344,0.8010262768490851,2.5222551022527324,-2.164814004594948,0
-1.3647037686424566,1.0945504304877307,0.44711231775576926,-1.4662348809351358,0.8973944512480144,0
3.0,9.0,4.0,4.0,7.0,1
-0.7250916601783668,0.12257266324333117,4.277984290335743,2.662269955127707,-1.813596300819841,0
8.0,6.0,7.0,4.0,5.0,1
3.0,6.0,5.0,3.0,6.0,1
6.0,5.0,8.0,6.0,6.0,1
5.0,3.0,5.0,5.0,5.0,1
6.0,2.0,6.0,7.0,5.0,1
-0.36795989444409444,1.5899559643841488,-0.1340099046784501,1.4747303705097345,0.6290257469577432,0
6.0,3.0,7.0,6.0,7.0,1
4.0,5.0,5.0,4.0,6.0,1
1.5426090660055707,0.1946112879824725,1.1829502458834624,0.1158574859602787,0.1098128644228809,0
4.0,7.0,7.0,5.0,7.0,1
4.0,6.0,3.0,5.0,4.0,1
-0.5026837515849067,0.5052264043762154,0.40491941670116144,0.8773176033874125,0.1072243522188662,0
3.2832565420760367,-1.3641229019240164,-1.5982032350189717,0.8699384295371031,3.891772880446729,0
4.0,3.0,8.0,3.0,3.0,1
4.0,4.0,4.0,4.0,9.0,1
-0.8500615644206287,-2.289998996342441,1.2730641517434667,-0.12457403407419561,-2.563829649471285,0
5.0,5.0,5.0,6.0,5.0,1
1.2946962432741695,0.04807015652366613,-1.356490151129552,0.8582628321710155,5.871697896885619,0
-2.2495153879955256,0.5398256661766091,2.1316870096983735,-1.7984684717243145,0.7771496683987186,0
3.0,2.0,6.0,8.0,7.0,1
3.0,5.0,2.0,4.0,5.0,1
-0.04086239672465312,0.011739069910597023,0.8170305440537199,-1.3941255265463905,1.2168983918112375,0
-0.9291052649194317,-0.3486191452512831,0.23943832117280012,-3.0372682071517416,5.51487018330484,0
6.0,4.0,8.0,4.0,6.0,1
5.0,5.0,4.0,5.0,3.0,1
4.0,3.0,7.0,2.0,5.0,1
-0.12467281415485827,-0.11477072430690291,-0.1828845666500438,-0.13342144408765905,0.549148810932044,0
-0.7509505375883752,-2.2617795584043083,0.11977096965842318,0.6431898373027111,-1.1262387704518197,0
1.214976225562682,0.7014576063334755,-0.94720933304776,3.4127692618769894,2.6154115285512223,0
1.4341363813917958,-0.5278126546593787,-2.3332304223725284,-0.6047723072698852,1.4787068950011244,0
-1.7589837799369483,3.7031999304848586,1.2949388054276247,-0.3115999082371624,0.6615725702430254,0
7.0,5.0,7.0,6.0,8.0,1
4.0,6.0,5.0,6.0,5.0,1
4.0,5.0,6.0,6.0,4.0,1
-0.7761836371375644,1.987332312726479,-2.0848816717551064,-2.9753557141627103,0.8722251489978596,0
-3.5972312046185992,-0.5397560168933966,-1.8397191213560917,-2.77426728652063,-3.788513085366479,0
2.6173421547183677,-1.712591180888389,-0.28769880707007545,2.02355518532413,4.327938904964409,0
0.7213207403289251,-2.093671340736042,-0.6950857785674448,-6.019819672617325,1.3051177194397303,0
2.6357578737965333,0.06497658023860935,0.39495911681308216,-0.9361370834593687,-0.667269316588764,0
5.0,4.0,4.0,5.0,6.0,1
5.0,5.0,6.0,4.0,5.0,1
4.0,5.0,7.0,6.0,4.0,1
4.0,4.0,5.0,8.0,2.0,1
5.0,6.0,6.0,8.0,5.0,1
2.557964616569817,-0.3427104045489591,-5.152511101849709,-1.0118317082534087,0.4479979168027606,0
-0.8132483777762535,0.3652303427542255,1.2916731883128318,1.3805691885233362,0.7002713757447349,0
1.0034051696701731,-1.5494652804137103,0.3758136929502919,0.5972713988905916,3.543765928959096,0
-0.6984173715506247,-1.2938179284192382,0.30175028023455236,-0.7989345681614581,-0.9117512138260601,0
-1.142791940342081,-0.3115281902368463,-0.9543917437342972,-0.9128921611176046,-1.5577731809468296,0
1.605977973629202,0.13818206387743873,1.977772234627707,0.6050203960530934,-2.5824303532969237,0
8.0,7.0,5.0,4.0,1.0,1
0.1936687376538682,4.58614391589449,4.42483699478687,1.1165977496949964,0.6535155048451277,0
3.0,5.0,4.0,6.0,2.0,1
4.0,6.0,4.0,4.0,4.0,1
7.0,5.0,7.0,6.0,5.0,1
4.0,5.0,4.0,9.0,7.0,1
-1.2393921600201157,-1.2083382666736968,0.40151178510263175,0.9033515441160518,0.2647788114542681,0
2.0,4.0,3.0,7.0,6.0,1
3.0,5.0,4.0,5.0,5.0,1
-0.5764239657534098,-6.155303258298225,-0.9435894370056609,0.8017587902449828,0.6098552040693911,0
0.17184411421443888,-1.0827199509678025,-0.46078605208144885,0.41735218646656264,2.368118073638817,0
1.0192468612155916,-0.0040793472817244394,-0.8412397349404406,-0.08250673873825136,-2.1828574268581127,0
4.0,6.0,6.0,5.0,4.0,1
3.0,0.0,5.0,6.0,5.0,1
3.0,5.0,4.0,5.0,3.0,1
6.0,2.0,5.0,3.0,4.0,1
8.0,5.0,6.0,6.0,2.0,1
-0.7438380009165746,3.530138985788182,1.3099807369286007,-3.6916625777530507,0.01007958470046409,0
-1.7451474221247707,-1.530216411562649,1.1520418679309012,1.786105527311838,-0.5395699990181609,0
6.0,7.0,6.0,7.0,10.0,1
4.0,5.0,4.0,4.0,4.0,1
6.0,5.0,7.0,3.0,7.0,1
6.0,5.0,6.0,5.0,3.0,1
7.0,6.0,7.0,3.0,5.0,1
-0.34751627986596184,-0.9823625809502335,0.489847078156454,0.22647224608111596,-1.660713810972425,0
-1.0610198897466137,0.29312120254048935,1.3106956901651217,-1.3215266778990526,0.6942334663731139,0
5.0,5.0,9.0,4.0,7.0,1
0.09044300243493293,0.16628736670262972,1.4090940044635087,-0.9144880495511187,-0.47424051537373474,0
0.9487294767294131,-3.682085827866901,-1.7951111922830287,0.20052338651611268,-0.8104394139552077,0
6.0,6.0,7.0,6.0,8.0,1
6.0,4.0,3.0,5.0,3.0,1
-0.5007871605880212,-2.4092296201658057,1.6004717977519338,-3.113081691650125,0.8793965834234573,0
2.217690148447311,-1.9734267100789549,-0.9054644686331993,1.2824757238492408,-2.5064676740944103,0
0.5496866142740516,-1.0851474295267014,1.6016718003966763,-2.6026068691611743,-1.3796538772260905,0
0.7436356553125771,-1.9215268422949345,-1.376375934026969,-0.22289830045484724,-0.5836664030852671,0
-1.3044419628503026,-0.9003973569161932,1.4201700640881256,1.885602433956802,0.5677208459405224,0
5.0,7.0,4.0,6.0,3.0,1
4.0,7.0,4.0,4.0,6.0,1
6.0,4.0,6.0,6.0,4.0,1
0.7072030161037738,-2.913873593150122,-0.4433969947824737,-4.095775610444616,0.4742511343154553,0
1.929860451747792,-2.916356280649613,3.4001745416843048,0.8087786352674355,-0.580932976132494,0
-0.9100135223495435,-0.2890663819394423,-0.8845429657352204,0.45157764307220255,0.37342449464827016,0
6.0,5.0,4.0,2.0,5.0,1
4.0,6.0,3.0,6.0,5.0,1
6.0,4.0,5.0,5.0,6.0,1
-0.5189472529772807,-0.7698582541392996,-0.12101156263527071,-0.3105943002273878,-1.0637803569330482,0
4.0,7.0,5.0,2.0,7.0,1
-2.2123369138819013,3.4977165283668543,0.6436186763221993,0.14065647034817547,-0.4445335708581709,0
4.0,6.0,5.0,7.0,6.0,1
2.2962079268779205,-3.010260010515422,-6.340864582234382,-1.3278688765087245,1.2782075796985988,0
4.0,3.0,3.0,5.0,5.0,1
0.8036086024938931,-0.20506865327767962,-1.799595200183502,-0.12518333449944277,1.02820829323522,0
7.0,6.0,6.0,2.0,5.0,1
6.0,4.0,6.0,7.0,6.0,1
0.1422388217836311,0.8192784327011299,-1.4221703259122096,-1.9737710680995393,-0.8827678380009756,0
-1.5591951415112189,0.009078299873398159,-2.1478474961441,0.47495143706822157,-0.3482485462026006,0
-3.1701428234541544,1.0233593108590255,-0.19108552680967533,0.1568314353384644,1.9015137785114462,0
6.0,5.0,6.0,3.0,4.0,1
-0.3560414293567977,1.787804354631074,0.0771518012269291,0.5891478211737314,1.918736121402035,0
-2.8905389774516275,-0.8149387801889021,-0.1714943714497309,0.13041335450736904,1.4594636966923409,0
2.4779579467227792,-2.902372575696857,-1.2430706904156958,-1.3842891191077176,-0.6248770487579748,0
8.0,5.0,3.0,9.0,6.0,1
-1.1826523329867487,1.3566702965164312,-0.7229817171552542,-0.10356692841309534,0.6731790905380507,0
4.0,6.0,5.0,5.0,5.0,1
3.0,6.0,5.0,4.0,7.0,1
4.0,6.0,4.0,3.0,5.0,1
6.0,7.0,4.0,5.0,6.0,1
4.0,5.0,6.0,5.0,7.0,1
1.0096540960238465,-1.2236917040087028,-1.1146286859802514,0.05839385835307261,0.7575121122452262,0
5.0,3.0,5.0,7.0,4.0,1
-1.0191555031654327,-1.7842751332385964,-2.018531762435078,0.7399927704857209,-1.5057737876875117,0
-1.9599049075287371,1.0295758315614552,-1.7558505362983674,-0.11573560358306711,3.2287194471021072,0
-0.0038420048738055054,-0.7048997589643723,0.5426491546453995,0.7265952035535775,-1.069540031961106,0
-0.018527457021320595,-0.19967133796405576,4.4025499282192735,-0.6090503702945731,0.32593884190321154,0
3.0,6.0,7.0,4.0,5.0,1
-0.3942461099464943,1.4062765847018548,-2.7575266997368995,2.6064223047190826,2.2242958957474013,0
-0.8946782890448918,-4.613446162277795,1.7677273953106774,0.8176491889251596,-0.46822775393715094,0
6.0,6.0,3.0,7.0,4.0,1
0.5530491288833957,0.7737430057524727,0.18576585381202715,1.3083280455956838,3.082692709552018,0
7.0,4.0,8.0,5.0,6.0,1
5.0,6.0,2.0,5.0,5.0,1
-1.276263009913991,1.2143828573640914,0.9207899729392452,2.0866229603985342,-3.246744119699611,0
8.0,8.0,4.0,5.0,7.0,1
0.5522153462682746,-0.3619619186679562,0.24559112072924122,1.9960654297231577,0.779567412592835,0
0.38723486588007555,-0.21316837080511722,0.990541922375565,-1.1892151164336564,-1.0693360961885585,0
2.0,4.0,4.0,6.0,4.0,1
2.867517244317822,3.908944100506598,0.15535207334179643,0.278786316452119,-1.82522744106856,0
1.3928052867718976,1.2973706244246654,0.39586937924737664,1.0425350136526168,-1.9550891001695505,0
7.0,6.0,4.0,4.0,7.0,1
6.0,7.0,4.0,2.0,2.0,1
-0.6352187933514821,-2.1105797881914077,-0.65033407748171,-0.17737147948378054,0.06271263737235958,0
3.0,4.0,5.0,4.0,7.0,1
-0.9281237918854197,-0.8949180867764366,-1.276721221501,-1.4696303340975183,2.0028139373914478,0
5.0,5.0,3.0,4.0,8.0,1
6.0,3.0,5.0,5.0,8.0,1
-4.980401474254175,1.4720931920098133,0.4369843879238242,-2.48849617260285,-0.5405423683040022,0
-1.480630907500284,-1.7548213066517258,2.8696308000711843,-0.9409172295396399,-2.1860855474046303,0
6.0,3.0,9.0,7.0,3.0,1
0.5015106195667222,0.6944184554635742,-0.4466332858694062,-3.954819133012282,0.7283480049472615,0
-0.13987892207133812,3.724348102245713,2.5546331510180895,4.975908892270068,-3.561542991496352,0
-1.6189732967082422,2.0407679532338356,-0.646176909522642,-1.6280697120968795,-1.8541589165038126,0
5.0,5.0,5.0,3.0,5.0,1
-1.5243564283034874,-1.2091400202047535,-1.049903953068784,-0.6404959209017684,-3.940233432666473,0
4.0,4.0,8.0,3.0,2.0,1
3.5386812891610506,-0.6787647132275285,1.8930822534130578,-2.941978264652088,-2.182046301553905,0
6.0,2.0,5.0,2.0,4.0,1
-0.4267715451279093,0.4093732758997329,2.9727679596262377,-1.3443362165562331,2.4024894020048806,0
6.0,5.0,5.0,8.0,5.0,1
4.0,6.0,7.0,4.0,6.0,1
5.0,7.0,6.0,3.0,5.0,1
6.0,6.0,4.0,5.0,6.0,1
-1.0396887914793078,0.1888946937910178,2.6438630835504573,0.050980246137971634,0.5187559400069892,0
6.0,5.0,6.0,6.0,4.0,1
1.7079084374730389,-0.4728608157199992,-1.5901656748257693,0.47596663232305164,0.9848852106039627,0
-0.5073056857135567,0.7423367511093203,-0.8521633243128037,1.0310808774966649,0.6294573712757511,0
2.178654569072841,-0.5692957210097536,-3.638967895641206,0.6781869660668367,-1.4990636310937888,0
5.0,4.0,9.0,5.0,2.0,1
-1.5744044467734415,2.2661295073611973,-0.43033496519645614,0.35108276110343645,-0.6426580380053697,0
2.1493631674953293,-1.5690631954096654,1.4571288351133354,-1.825217127489098,-0.19287611175407607,0
-2.120204311875455,-0.9507123887410525,-1.0281556049091714,-1.470617454378703,-0.6934713353031486,0
-0.03265363592436359,4.65859656786508,-1.4581124938687484,-0.10618689270881193,1.7995755257378239,0
7.0,7.0,6.0,4.0,5.0,1
-1.5707986773147244,1.3515197135509143,-1.739200829843509,-0.9583429294649785,0.15807160862010652,0
5.0,4.0,4.0,6.0,3.0,1
3.0,7.0,7.0,7.0,3.0,1
0.30194587039268295,0.6047245120017757,1.771134050184347,-0.07545684344306793,1.1776121058683042,0
5.0,3.0,6.0,3.0,6.0,1
2.0,3.0,4.0,6.0,5.0,1
0.010036450472224094,-1.0804652045016678,0.5175963244420018,0.8385357476800009,-4.809524840961964,0
-0.739550186302075,0.9618465535900413,-1.3707820643668591,-1.0873323179476004,1.4080342912426131,0
0.10283826192858857,-0.9505459183000209,-1.2080934888558899,-0.8163037565105152,0.13851813103709903,0
6.0,4.0,5.0,4.0,4.0,1
3.0,7.0,7.0,7.0,5.0,1
4.0,6.0,4.0,7.0,3.0,1
6.0,5.0,2.0,5.0,7.0,1
5.0,3.0,7.0,3.0,6.0,1
4.0,6.0,3.0,4.0,6.0,1
-0.19392937358326112,-0.9343739217167361,-0.6941478086657568,-3.8670403807138114,0.7924594484481534,0
0.034081685014775334,-1.2812839479950693,0.5651700850549917,-0.7891154508726059,-0.345406674808586,0
8.0,5.0,4.0,7.0,2.0,1
-1.4425753046902867,1.7027515071727897,-0.3700891591956176,1.4629266646424102,3.018386443254431,0
6.0,5.0,6.0,5.0,5.0,1
1.374481734825869,-0.05286306391114893,0.09705058775025296,1.75985401689949,1.4808476058697904,0
1.5033977267315533,-1.0764180382797903,-3.6444535995415364,-0.2980093288147001,0.17017370819140465,0
5.0,5.0,4.0,5.0,7.0,1
5.0,5.0,6.0,3.0,6.0,1
4.0,5.0,6.0,8.0,2.0,1
6.0,6.0,7.0,4.0,7.0,1
1.4228266232945563,-0.2265482658836467,0.17616379467339174,0.5690403139715086,0.3380939253221051,0
2.0,3.0,5.0,5.0,5.0,1
1.0677696023040897,-2.5848958818745715,0.6898917877960635,1.1764963967897692,-2.070263842368892,0
4.0,6.0,5.0,5.0,6.0,1
5.0,5.0,5.0,4.0,3.0,1
-1.7369625359721765,0.35070844358933445,0.5531389782126882,0.25626120555917226,1.500159865534335,0
4.0,4.0,2.0,5.0,6.0,1
0.386535001933898,1.0921661695799654,0.17939896737896527,0.22901270831862391,-0.7829040078249535,0
0.33254393370560853,-2.986739252231768,0.8935622572666396,2.4331727433643273,-1.2600995227378424,0
6.0,4.0,4.0,6.0,7.0,1
6.0,5.0,5.0,7.0,6.0,1
0.8868404908571204,-1.1070976304900737,1.539044174581155,0.5796634474106777,0.8196942225864515,0
5.05551040582366,-0.841193354223355,-3.9276249787187725,3.1202294929745187,0.8686687240933938,0
0.6304317052391953,-0.4931707709543782,-0.9067336534309295,0.2541957892242906,2.611741263585622,0
3.0,3.0,4.0,4.0,2.0,1
6.0,7.0,6.0,6.0,4.0,1
5.0,4.0,3.0,8.0,5.0,1
7.0,9.0,5.0,1.0,4.0,1
-1.543070612675172,0.9209918339178259,-0.5945162890650353,-0.3243551503478597,-0.2627037382012185,0
5.0,6.0,2.0,8.0,6.0,1
1.706326449076988,-1.4340912035749485,0.42242231508996303,0.3433258143001319,0.8700962134048799,0
1.7366364551062459,2.7670514334299114,-0.7130904399185165,1.4051530631863212,2.1995977480830993,0
7.0,7.0,4.0,5.0,6.0,1
-0.6224153702056011,0.9642377598175637,0.8824082580454777,-0.6090727471852627,-1.4938530277476016,0
8.0,7.0,7.0,6.0,6.0,1
-1.526020360901012,-0.045049448023798185,0.6635205436900047,0.7019007603043301,-0.5768264890357329,0
5.0,5.0,5.0,5.0,8.0,1
-0.3997798241837047,-1.2768938651833468,-1.5316068382338586,-4.256077856136341,0.9077737695101527,0
-0.6557542589320642,-1.203247140668544,-1.467795334275461,0.9824392164863921,-0.5267655942435134,0
3.0,3.0,4.0,5.0,7.0,1
5.0,6.0,2.0,5.0,3.0,1
3.0,8.0,6.0,7.0,4.0,1
5.0,7.0,3.0,6.0,4.0,1
1.1606880241504116,2.606857925870725,-1.4577613147559214,-0.5522376117051437,-3.424825705462461,0
-0.7498113782523058,0.45940747759610234,4.520717846008423,0.41298107070265105,2.3328180349507366,0
1.3241233260043719,-0.8065266097651567,2.1517500883223133,-1.5272644043427477,1.099250566869094,0
7.0,5.0,4.0,6.0,3.0,1
6.0,6.0,8.0,4.0,4.0,1
0.035903157034482616,-4.5782709486629924,-1.0711861536815361,-0.27595490294270497,1.6050294950027661,0
-1.240611261692802,-0.08276297343633307,0.03099249726213608,-1.0684350761516266,6.555050866015427,0
0.7829253590782181,-2.183448841373616,-1.3548223039277045,-3.602178040927019,-1.9131685032204406,0
-2.599197426843144,-3.419647310140695,3.558670447534092,3.0731425167900768,-0.007012548761840562,0
4.0,5.0,2.0,2.0,5.0,1
-1.6701074605916395,-2.190838229016168,1.8443270354631733,-2.5307577926993012,-0.7274523636869212,0
-3.6047030011387298,-0.3472694104638538,0.3533291348632114,-1.2074913911352554,-0.7979393648771718,0
0.9581332930663258,1.7857320318218806,0.801280023176578,0.6548926766383881,0.6988694620879013,0
5.0,5.0,4.0,6.0,4.0,1
1.2378908501614292,-1.7557056290763204,-1.969609887815184,-1.7124386309102255,-3.0516199494690555,0
4.0,3.0,6.0,2.0,5.0,1
8.0,8.0,6.0,4.0,6.0,1
-0.7530666214015923,-0.18239940702164242,-0.09715092810139297,-0.021215486038803303,0.14748518217005027,0
0.5495527286152094,0.6681787746166075,-2.8874203373181615,-1.0599250518620051,-0.5735995359877485,0
4.0,8.0,4.0,7.0,8.0,1
1.822814803572585,0.9807272755076123,0.4774529411238483,-1.8193332583376982,0.5901072773539563,0
7.0,5.0,4.0,4.0,4.0,1
2.0,5.0,3.0,4.0,6.0,1
6.0,8.0,4.0,4.0,6.0,1
-0.7062553842527212,-2.6087501662519945,0.7405829102757749,-1.7019786536462989,0.5155371679236695,0
1.5739232193049706,-0.010827525030726252,-2.2448541279727765,1.4940948339275033,0.339805444826778,0
4.0,7.0,4.0,8.0,5.0,1
0.2905654396475027,0.8212708520927554,0.00736480174553786,1.4906744479995524,0.5500862151052429,0
-1.5289569696068732,-0.34692464006844886,-1.198690775955587,0.42266507555042027,-2.463628734350662,0
6.0,5.0,6.0,5.0,5.0,1
1.4856272136858326,2.0322570996657543,0.2660508461040679,0.5553926872879558,-2.4495321381234327,0
1.1205943156752092,1.2920777612617698,0.5798652360808629,0.7332124456256408,-0.38366190890725677,0
5.0,5.0,3.0,4.0,5.0,1
6.0,2.0,3.0,7.0,7.0,1
7.0,9.0,6.0,6.0,7.0,1
4.0,5.0,7.0,5.0,6.0,1
0.666548629751547,-0.17022635171387368,3.5527911510441457,-2.48594144073021,3.5028915047277716,0
6.0,5.0,4.0,5.0,4.0,1
9.0,6.0,6.0,6.0,5.0,1
8.0,7.0,4.0,5.0,6.0,1
8.0,2.0,5.0,6.0,6.0,1
8.0,8.0,3.0,4.0,4.0,1
7.0,6.0,6.0,6.0,6.0,1
8.0,4.0,4.0,2.0,3.0,1
6.0,5.0,5.0,7.0,6.0,1
7.0,4.0,7.0,4.0,7.0,1
9.0,6.0,4.0,3.0,4.0,1
8.0,5.0,6.0,6.0,5.0,1
10.0,5.0,5.0,4.0,6.0,1
5.0,2.0,5.0,7.0,4.0,1
6.0,5.0,5.0,5.0,5.0,1
8.0,6.0,6.0,0.0,5.0,1
10.0,6.0,4.0,4.0,6.0,1
9.0,3.0,4.0,4.0,7.0,1
1.6043612856735023,-1.375393465638963,2.171225819974616,1.2126617266192532,-2.594457686740529,0
0.16769599059814533,0.5239726789457471,4.665616905871437,0.009929068724060774,0.13329191883220773,0
-1.20898052062574,-2.144168475916771,-0.46474785059730045,3.1404300124703948,0.6073611489275805,0
-0.8634043235740837,-2.8549609302143244,-2.3730627000858755,-0.950267439289137,-4.839144728392405,0
-0.9550321135808338,3.0920000527042837,-0.3134763492406241,-1.4388648081906679,1.029940906820439,0
-2.5309046479131188,1.368239852351828,-0.4478071843098265,-1.1422514185585058,-0.7916742081902375,0
-4.054856149522408,1.5525981984859036,2.87834636755672,3.1118970311949172,0.5783855406491016,0
-2.661791360437432,-0.6904239127226133,1.6319881607367512,3.114843748532125,-0.25094976062547736,0
0.3440466203621547,-3.8744276406507496,0.6093338870361252,1.3275992157415135,-1.2451857405071762,0
-0.31427117320763387,-0.23867428774892666,0.1383591258275177,-3.2942247461356353,-1.7336604172746726,0
-1.8766004395826605,0.4073795308996719,-1.9167037151976725,1.9649538283437988,2.9224852863336714,0
0.41724393061553805,-0.3008079741258238,0.12747091437015695,0.3388042761905,-0.47601745545204044,0
-7.369786371034568,-0.10325591451783883,-1.5671562625912188,1.7166379302014652,-0.1393562372775266,0
0.010323129769765623,0.17704648250380836,0.44652512623929286,1.6315626248540527,-0.057925535600898914,0
-1.0539868674750759,-0.5403537653585068,1.3229091298912594,-0.22164625178910816,2.7835175417128184,0
1.6263892115681016,0.382163428393099,0.3436526182932914,-0.36620363053780147,0.19200391105388642,0
8.0,5.0,5.0,7.0,4.0,1
8.0,5.0,5.0,5.0,6.0,1
8.0,3.0,4.0,6.0,7.0,1
8.0,8.0,8.0,6.0,6.0,1
6.0,5.0,5.0,5.0,6.0,1
7.0,5.0,5.0,3.0,4.0,1
7.0,3.0,6.0,3.0,7.0,1
8.0,5.0,7.0,6.0,2.0,1
10.0,5.0,6.0,3.0,7.0,1
7.0,6.0,6.0,7.0,4.0,1
9.0,6.0,5.0,4.0,6.0,1
8.0,4.0,4.0,4.0,5.0,1
7.0,5.0,5.0,5.0,4.0,1
9.0,4.0,4.0,5.0,7.0,1
10.0,3.0,4.0,4.0,7.0,1
9.0,6.0,7.0,3.0,5.0,1
0.26802865957227895,0.32242430553736134,-1.7151460643326373,1.4788005315556012,-1.4553637918619353,0
-1.7266583466725793,0.4877795853563132,0.7744074476805852,0.44540803977073157,0.4315483491965735,0
-1.5268035643230673,-0.22667008480616763,0.24444644212662028,-0.23684556451951358,-1.9188512078758346,0
0.4027016492492738,-0.4216960527736777,-0.4690599215715265,-0.21197415868848493,0.24810205528354212,0
-2.8022124378927513,-0.21927989266635586,0.5809413270070639,-1.262421633161095,0.11018376364055822,0
-0.1921228528528449,-0.28362364668150536,1.6799504055928896,0.47085973791926683,3.522624579995929,0
3.761078763173371,-0.25305408825897274,0.9472711581392493,1.9276010822391543,-0.6494932370963729,0
4.277356595265013,-0.5845265776278241,1.748593980228296,0.6546334922361217,-1.5721351522427085,0
0.6023647583156316,-0.4419487670663836,1.9972239356892592,-0.6243022822956453,0.3659895599040732,0
1.6464740897494974,-1.2861411480101965,-0.8930957195891378,-2.1105201454364577,1.05863937408945,0
1.0470855007951216,0.13838007820925896,-2.0921203321008988,0.4298267075878815,1.971459862153698,0
-0.4863740234082088,0.00786553267362174,-0.15547314411660954,0.6317614970531092,1.7203683869399895,0
1.2603970842205463,0.517534967255412,0.036337385998626674,-2.7184066260661717,0.07213396803065922,0
-0.040377981518338046,0.03192194532868338,0.12526570458201747,-1.041874393520339,1.091484940066053,0
2.2776122868256734,0.19960720333141105,-4.058361559587892,3.3351312334991707,-1.3403373178203934,0
0.7968039715638839,-0.14697913433308893,-0.6380299971568472,-1.629113018734306,-2.2668901541529185,0
8.0,7.0,5.0,8.0,5.0,1
10.0,9.0,5.0,5.0,3.0,1
9.0,9.0,8.0,4.0,1.0,1
6.0,10.0,4.0,8.0,2.0,1
8.0,8.0,3.0,6.0,3.0,1
8.0,7.0,3.0,3.0,3.0,1
10.0,5.0,8.0,8.0,6.0,1
10.0,9.0,6.0,2.0,5.0,1
8.0,8.0,3.0,6.0,3.0,1
7.0,7.0,5.0,3.0,5.0,1
7.0,7.0,5.0,3.0,4.0,1
7.0,7.0,4.0,2.0,4.0,1
9.0,6.0,6.0,5.0,5.0,1
9.0,8.0,7.0,4.0,4.0,1
7.0,8.0,4.0,6.0,7.0,1
7.0,6.0,6.0,2.0,4.0,1
0.16485405975652181,-0.5143898574118492,-0.757242882772159,0.610085062397063,1.826010934804594,0
3.831721481281372,1.3281751271509592,-0.2630212039355382,-0.09656691285649527,5.296416849237871,0
-0.5406616494790288,1.112405851125,0.37029799059605367,-1.6119363424112234,-1.3248952010972115,0
-0.20207288258493858,2.530135024371029,-0.4148866544244698,1.817079909894525,-2.724324836054079,0
-0.6457773533833826,-4.497999007539023,1.8339451349701252,-3.0731646429068724,5.446209028984175,0
-3.094816287813421,2.9150445816424235,0.34608316391999056,-1.2779558386048897,-0.9985277744840948,0
1.2654391822678919,-1.6167045442640626,-2.5654079057070036,2.8796941016943673,2.0179584117383857,0
1.2609007818705866,-1.2706021172591853,2.0836256291346253,-1.3083728098811844,-0.6168558443870823,0
-1.2031147095912347,0.004868513678313325,2.255772792281052,0.7396265980127239,-2.186574289206164,0
-0.788202151810757,-1.523941336617884,1.1284284519321806,1.9279943128469235,-3.481839098694134,0
-1.0329857065086956,1.6744220077943217,-3.383224159123388,-0.3210417886255734,1.4459991593379735,0
-0.5975109368832406,-0.055978819927971664,1.5380040278701892,-1.4897096687875884,-0.7267408597818891,0
-0.6675333528914739,-3.6609436241698923,1.1229697921375579,0.23932561573296726,3.4898118655865846,0
2.681310463221792,1.551036914799956,0.8560053879869987,-1.3134859993011274,0.3126363147560818,0
3.7273078936561945,-1.1543395982179954,-1.1290632496866437,0.059427701986339565,-0.7259175533302583,0
1.9863140261149448,-3.2254000300428407,1.4083630533065992,-2.0688739142387385,1.1381570200699678,0
7.0,9.0,4.0,6.0,7.0,1
10.0,9.0,3.0,4.0,4.0,1
9.0,10.0,4.0,6.0,8.0,1
7.0,7.0,3.0,4.0,8.0,1
9.0,8.0,7.0,6.0,5.0,1
6.0,8.0,4.0,4.0,7.0,1
7.0,9.0,7.0,5.0,7.0,1
8.0,8.0,4.0,5.0,5.0,1
9.0,10.0,5.0,6.0,5.0,1
6.0,9.0,6.0,5.0,5.0,1
8.0,9.0,5.0,3.0,6.0,1
7.0,10.0,4.0,5.0,4.0,1
8.0,10.0,7.0,8.0,3.0,1
8.0,7.0,3.0,8.0,5.0,1
8.0,10.0,7.0,5.0,2.0,1
7.0,9.0,3.0,6.0,6.0,1
1.1489327424286708,1.2263296555335108,1.4886427412778491,1.6986097238369569,0.7129944401400204,0
-4.638027071436413,-0.36382792787656426,0.2990610968240021,-2.0154600811418857,1.733341934985957,0
5.08368183228533,-0.21424841550531065,3.00128830013547,1.0825276068698682,1.8888605929806879,0
-1.105899185944644,-2.8118943490480732,-0.6265251118238486,1.0677542724115543,-1.9527535399172467,0
1.2140081455871572,-0.18978845588214477,-0.22130639618613254,-4.165114436905029,0.7826778739886678,0
-0.07635629933094494,-0.3349290215961936,-0.8689141070502454,-1.8022563374351428,2.422732771868013,0
4.55504974408376,0.3818985503340554,-1.8393729724339665,-0.9662700381245422,0.4018647390906216,0
-1.8750134663508637,0.8077229697051064,0.6991043167572372,-1.6123840579997546,-3.6642145980032255,0
-5.513193318133451,-1.6434642236068544,-0.4844309809068541,1.7516335604955582,-4.444799655779329,0
1.2711944365535757,2.485085732081292,-1.3656517993212538,3.5625935945281255,-0.09617793241134419,0
-1.0472841246663112,-0.6738384048275349,-2.2901045215412994,1.1234964273871948,5.428692614164199,0
-1.7194948495811868,-0.6784597341298847,-1.6769155253602643,0.7150921912917332,2.3690721347776162,0
-3.314404157487022,-2.8674429845855887,1.2822143527358343,-0.8165639815684378,1.3934055858565246,0
-0.8691819806792976,0.5844037826279248,-1.0528000342938373,-3.383686550835456,0.40398868325860166,0
-0.7989309401548614,-1.696825614123989,0.44874713770900115,-1.244104813876845,-0.8966726762576991,0
-1.260472508946564,-0.013410651043582283,0.7840133368473328,0.036477927640140566,0.9528913892655873,0
9.0,7.0,6.0,6.0,3.0,1
7.0,8.0,8.0,6.0,5.0,1
9.0,9.0,8.0,5.0,4.0,1
9.0,7.0,8.0,6.0,2.0,1
7.0,9.0,5.0,4.0,4.0,1
7.0,10.0,8.0,6.0,6.0,1
9.0,6.0,10.0,4.0,8.0,1
9.0,8.0,8.0,5.0,5.0,1
8.0,9.0,6.0,4.0,5.0,1
7.0,8.0,8.0,3.0,5.0,1
7.0,10.0,7.0,4.0,4.0,1
9.0,10.0,8.0,5.0,2.0,1
7.0,9.0,8.0,6.0,4.0,1
8.0,8.0,8.0,4.0,5.0,1
7.0,8.0,8.0,6.0,5.0,1
9.0,9.0,8.0,4.0,7.0,1
-0.8276120201860255,0.022143625463400655,-2.0876815433471165,0.8150999941465117,-0.8897932604304947,0
-0.5543578136824243,-0.6169296383999038,-0.4048594250371102,-1.39982056210883,-3.0494255300354958,0
1.6775101065119675,0.6511942795428497,-0.9942114511109124,-3.290883090091719,2.680859429281002,0
-2.008324096085021,1.4604168397052701,-0.9360549898894218,-1.2278143854532153,5.115908262791226,0
3.325192798540276,4.166655041507077,-1.506394194474243,-3.8849412842730855,-0.3593338906864274,0
0.9503678546306198,-1.8375741644568495,-0.3858098014161567,0.20103108183543197,-3.2510960421988284,0
-1.1476935049665888,-1.1646349729186976,1.0016180034999724,-0.44543535006676854,0.976726588260015,0
0.831097441262837,-0.25356775130758746,0.9283845099939926,0.8566221803738275,2.2952365691994574,0
5.663877876046059,-2.037801003595066,0.6997825658929409,-1.4709809635143996,0.7778671267909067,0
0.13153299566566862,-3.1508034287595033,0.7096604224618827,-2.808824985594816,2.4174038916778153,0
-2.066269172334941,-0.014785163191232208,3.583639082232012,-0.3940952546556155,-0.9910963786675495,0
-1.174811095882232,-1.2130373093443811,-2.594329665819338,-0.5787203263083103,1.9210193251800325,0
0.38040221125720347,3.4952226274380465,2.9210514672718255,-0.5779131820865071,0.016393183287121464,0
-0.29749363773593923,-0.1461368161042247,-2.29999604301151,1.2464730789143805,-1.271563734946269,0
1.8514679831637724,0.7449690165600621,-1.2262338099334165,1.9452507182922223,0.31324021555974746,0
1.6014420431873078,-0.22294789075883403,0.34497439139435815,-2.0489387226649933,-1.0383600127851804,0
6.0,5.0,9.0,7.0,5.0,1
5.0,8.0,6.0,6.0,6.0,1
8.0,10.0,8.0,6.0,3.0,1
8.0,5.0,9.0,2.0,6.0,1
9.0,8.0,8.0,6.0,6.0,1
8.0,9.0,8.0,5.0,6.0,1
8.0,8.0,8.0,5.0,6.0,1
7.0,10.0,7.0,6.0,5.0,1
7.0,7.0,6.0,3.0,2.0,1
10.0,9.0,9.0,6.0,7.0,1
9.0,8.0,7.0,5.0,7.0,1
10.0,6.0,10.0,7.0,4.0,1
9.0,10.0,10.0,6.0,8.0,1
7.0,9.0,8.0,6.0,2.0,1
6.0,9.0,9.0,8.0,7.0,1
7.0,9.0,8.0,5.0,4.0,1
-0.05925255778782674,-4.086866678302841,-1.8290519973253638,0.7109333428754155,-0.33547592582685476,0
0.9162623265471778,1.2851423303263971,-0.5097199076576077,-0.1963886553627489,-0.33168889392748857,0
-0.43966945549771275,-0.3871205237327731,1.7151242162897575,2.6192337981779317,-1.953748717009674,0
-1.2217916686502108,-0.9852824130374682,0.017166167647158368,-0.5939677001821374,3.412359348847421,0
-1.171543892431103,-1.5323252648374457,-0.609916870643789,0.060443639362049495,0.4980749834959614,0
0.7069986337951447,1.9171781091626523,0.15239670130907512,-1.424808362663876,-2.5749342638025827,0
0.8775266374994269,3.1030717808447394,-2.0778660786662515,3.9881436445730576,1.0850574748393937,0
1.0825930982284475,-0.6810410154485899,3.4780588058280824,0.7927642281809149,-0.0074783949159446545,0
1.239137423477915,0.08778260941348594,-0.9276100594909028,-0.31653418131377425,3.4550331349158907,0
-0.3480954035399175,-0.6647186820892693,1.5368239916346815,0.2787352039188379,-1.2718441218559764,0
1.3034611353394654,-0.2422727107634385,-0.7717899708721312,-0.15880278213295512,0.39969850748726043,0
-2.1782164445109804,6.765757157359615,0.5044225781987056,2.9537256567146515,-1.6215814032688847,0
-0.04677686339304048,-0.49966323615618424,-0.21442625241250882,-2.147061040148811,-1.8581693628082587,0
-1.4064873145749655,-0.1500639988047737,0.7011360746151128,1.7686393774571783,-0.8668044908746894,0
-4.8122438879879565,-0.8996469790444109,-1.526290114446299,-0.4371531058975347,1.750124161388513,0
-0.7062385078101941,-1.5764718232035582,1.257350104570148,0.8438336042403467,-1.7536311451814148,0
7.0,7.0,7.0,7.0,6.0,1
8.0,8.0,9.0,9.0,5.0,1
10.0,9.0,8.0,10.0,7.0,1
8.0,10.0,8.0,8.0,5.0,1
9.0,9.0,9.0,7.0,4.0,1
9.0,10.0,9.0,6.0,4.0,1
8.0,7.0,10.0,9.0,4.0,1
10.0,7.0,6.0,5.0,5.0,1
9.0,7.0,6.0,10.0,5.0,1
8.0,7.0,8.0,9.0,7.0,1
6.0,9.0,10.0,10.0,5.0,1
8.0,8.0,8.0,7.0,5.0,1
7.0,10.0,9.0,10.0,8.0,1
9.0,7.0,9.0,9.0,7.0,1
8.0,8.0,7.0,10.0,5.0,1
9.0,8.0,9.0,7.0,3.0,1
-2.890789632769764,-0.846094421409795,-0.6496543296042879,0.29547307459442257,0.6077288950763816,0
1.511768142628316,0.14102099239341473,0.08094759763748138,0.05577915109973076,-0.8408418761556902,0
1.0534753862680832,2.1496558175378486,-2.2470699570912998,1.25465835109085,0.28812506965823104,0
2.193335081046164,-1.542946855455197,0.1412592025586171,-0.43522712714670575,1.3880039051328181,0
0.20686600637846025,0.9616613908241513,-2.109379164176513,-1.8083260391065121,-0.8162926191807508,0
-2.1333014778344648,0.7714792411208163,-0.03876784184009004,-4.197759204780008,-0.08631781255830187,0
0.4073992096233228,0.06803556347711436,-0.803162501136827,-1.6575364782153519,-1.2869755484364578,0
-0.28266366378823254,-1.487179449897238,1.0592349016289375,1.1077880160952864,-0.10635973114379249,0
0.9579690937953733,-1.6670501636908852,2.586171808092382,-4.193740534543447,0.05908306123737029,0
-0.6216350688388075,0.025321502983209742,3.6876772210889017,2.801026009411192,-1.3233442132008972,0
2.0767329285051814,-0.6495398552215457,0.9869556855234289,-0.4968493969030035,-0.2490726659147964,0
-0.1404103079271554,0.727579626475506,-1.1475706462866198,-0.904880983638686,-0.1108998482697751,0
-0.23968757477567118,0.9331403283959511,-3.213725809910175,-0.16909320768877614,-1.1599913269626603,0
-3.4707972176940043,2.1746073798460666,1.5701193792056163,0.4920109175408486,-1.337726586509543,0
-0.2724856724299517,3.736902111937718,1.9387382841299536,2.871470527300817,-1.3113193810630048,0
-0.04543462073648623,-1.666288628334934,-0.6576724804287275,0.004139565171565605,1.5583671438634108,0
9.0,9.0,8.0,8.0,3.0,1
9.0,9.0,9.0,8.0,5.0,1
8.0,8.0,9.0,8.0,5.0,1
8.0,9.0,7.0,7.0,4.0,1
10.0,7.0,10.0,7.0,4.0,1
7.0,8.0,9.0,9.0,2.0,1
8.0,8.0,9.0,9.0,4.0,1
6.0,10.0,9.0,8.0,5.0,1
8.0,8.0,8.0,8.0,5.0,1
8.0,10.0,10.0,7.0,5.0,1
9.0,7.0,8.0,10.0,6.0,1
9.0,10.0,7.0,10.0,7.0,1
7.0,7.0,9.0,7.0,7.0,1
7.0,8.0,8.0,7.0,6.0,1
8.0,9.0,7.0,5.0,3.0,1
8.0,8.0,9.0,9.0,6.0,1
-1.3578038581208534,0.30467223626577467,-0.32736599019843227,1.1258549993803952,-0.13037675854428435,0
2.706322311694578,-0.7770751428676548,-2.5540735211058117,1.248623414860579,-0.4140493359197896,0
-1.3684287229341783,1.3046849569270897,-1.23876940176295,1.2255023946858254,2.3864416357235965,0
-0.02048250338696051,0.8713798920832181,1.9589517473785094,-1.6988537720455839,-0.3456772629672979,0
2.441155530033465,-1.94759692767099,0.9917204981470696,0.37205676136408866,-2.3486387896579894,0
-2.6148220220000638,0.6866405579741537,-2.292578944743741,1.0149263013242855,3.779468136279374,0
-1.6251591826085336,-1.0373896821201276,-1.1002688425272853,-0.27500616872059847,-2.4236351516657475,0
-2.4695336858001036,-0.8409877177430198,1.4711299959500255,-1.4254128190505464,0.24463440473114537,0
0.9244617948831055,-1.950457290435383,-0.061489000135769925,-1.82157457025442,1.189457699862052,0
-0.2594787268033354,0.8851256275367737,2.7004680936449557,-2.995422102082912,1.304309387328447,0
0.056658317774836674,4.505532797392426,-0.317742371794225,-1.1469349723536302,0.8529913079782551,0
1.9139432587367853,-2.3622115374277506,2.3381629620369235,1.4165263066613818,0.32224317574511174,0
0.043315099488586584,-0.6742245100912903,0.16842834680760677,0.3473053399104166,1.692964526124561,0
0.958166413074689,-0.8094633216527466,-3.3288251471764507,1.8158585527626085,-2.791361693159724,0
2.1292326972407376,6.175992529421645,0.38790945516105735,-1.345569431149262,2.174149122255467,0
2.642241484224687,-2.605858848188076,1.7281234812347324,1.6535520547678286,0.9286897207546915,0
8.0,8.0,8.0,9.0,8.0,1
6.0,8.0,10.0,8.0,8.0,1
6.0,7.0,9.0,9.0,9.0,1
7.0,6.0,7.0,7.0,9.0,1
9.0,8.0,8.0,6.0,8.0,1
6.0,8.0,10.0,8.0,9.0,1
7.0,10.0,5.0,10.0,9.0,1
9.0,8.0,6.0,9.0,8.0,1
8.0,5.0,6.0,8.0,8.0,1
6.0,7.0,10.0,8.0,9.0,1
9.0,9.0,8.0,8.0,6.0,1
8.0,8.0,7.0,8.0,9.0,1
8.0,10.0,10.0,8.0,7.0,1
9.0,10.0,8.0,7.0,7.0,1
10.0,6.0,9.0,9.0,10.0,1
8.0,8.0,9.0,10.0,10.0,1
-1.4082363315942508,0.3526238271270752,2.5389861607007624,2.469451991288985,-1.6432285384531313,0
-2.5467361204298813,0.6506712643117887,-0.7773605115228631,0.4709556974141455,3.2915562201239537,0
0.10566256480607825,-0.6976823394408405,-1.3044071871421372,0.7436365825826288,-0.12353012018135764,0
1.6865937496928447,-0.48768094452859906,0.3976767941685671,-0.737356024589551,-1.0318361287567408,0
0.43225049523670445,-0.7079518684860967,-0.16541333238753067,-2.777687775098276,-0.7295032553631634,0
-1.8491984989287467,-0.1051690750348509,0.30292126554549165,0.43848222618882815,5.781317511660932,0
-0.3789318447437392,-0.6113821040238563,-1.9710904586520426,1.476371362843738,1.7829666204490617,0
0.7156077282346549,2.1759869403100724,1.7680130275086796,-0.34066827164511476,0.9750905273923002,0
0.7547524470877126,-2.578354807354749,1.53658779921272,-2.7095143956490135,5.842588992797993,0
-1.340415819738982,0.03020408629999836,0.0457691673527515,-3.261874419581071,-0.4142100807475971,0
-2.0273916495356015,1.289000017968642,2.2211783288861477,0.06853033977125766,-0.9842412408902945,0
-1.0034494809799397,0.6916960076023256,0.7513556218452332,-1.0021529514892518,-0.8534798701818073,0
0.5992704322115681,-0.9356673840089734,-3.416111857754305,3.328707238341912,-0.2402867730931212,0
0.1189711527617383,1.082542597934747,-0.22824353182041673,-1.2128070369715582,-0.5562327581983526,0
-0.842646721108117,0.19628431890382025,0.388004952380411,-1.0691131056988643,-0.5843149552101122,0
0.6539667640724431,-1.087501845249031,0.6549155164990238,-5.129800623255706,2.038271267154982,0
7.0,7.0,5.0,9.0,10.0,1
7.0,6.0,9.0,10.0,7.0,1
6.0,8.0,7.0,5.0,10.0,1
8.0,8.0,7.0,7.0,9.0,1
7.0,9.0,9.0,7.0,9.0,1
7.0,10.0,7.0,8.0,10.0,1
10.0,10.0,7.0,8.0,10.0,1
6.0,8.0,9.0,9.0,7.0,1
8.0,7.0,7.0,7.0,10.0,1
7.0,8.0,7.0,8.0,10.0,1
7.0,7.0,9.0,8.0,9.0,1
8.0,9.0,10.0,9.0,10.0,1
10.0,9.0,9.0,8.0,8.0,1
8.0,7.0,8.0,6.0,8.0,1
10.0,8.0,6.0,9.0,7.0,1
9.0,10.0,6.0,10.0,7.0,1
-0.4705631930368395,-0.6254039194327505,-0.08028181382809907,0.3078936500275459,-0.4016557191125661,0
-1.1896282665976605,0.8944872817891371,-5.106180861643506,0.9014047915241568,0.418876064950394,0
-6.8062896227964185,0.2030285856058622,-1.9942370562567502,0.4476512394682085,1.6324533767983147,0
-1.183146687762964,-1.2180901927678551,3.679187988184441,-1.6790632956468288,2.479722218879805,0
-0.28788023669293755,0.7103378711727909,3.0485745784272997,-3.4288202196644195,-1.9040710196495827,0
-4.263043821835718,-2.2729393254372,-0.9182494254225411,0.3030775900298357,0.9113980631377276,0
1.1549600659722488,3.145147275256926,1.2354149672546015,0.09222805230836982,0.20156894582583929,0
6.116910873098602,-0.03496617799515211,-0.8510423701646266,0.9320278731742195,1.0008776413503524,0
-6.904254790762505,-1.5648729521140339,-0.9269332882027986,0.9588957883776436,-0.3675681130252582,0
-1.1123243757622558,0.7488554345732599,-3.9266985023668872,-2.406539633284726,-3.4750845063831535,0
-2.060943348248722,-2.380667849167735,-0.8819886961160349,-2.197987113961795,-0.7891913386198794,0
2.166314677844021,-0.44226377798378624,0.1540551595464805,-1.2313570872120974,-2.908712418369049,0
-2.1592069861581313,7.446561318028343,1.3511539461232294,-3.4869388500035057,0.25722877436181657,0
-0.375560229498221,-0.4606866692654353,2.260007126661871,-2.0528870314294188,-0.6428494767709664,0
1.8897539058142176,-2.1958483036046412,-1.3644043137615363,0.7157718282352903,0.8729679922815818,0
-3.2327124388626767,1.1597731814383336,-0.21398550804496863,2.711659588494122,-2.3949917866103267,0
